prompt_text,category
Write a pitch deck idea for career growth,Business
Write a short story on digital marketing,Creative
Guide me about web development,Personal
Explain interview preparation in 5 bullet points,Summarization
Convert database indexing into English,Translation
Create a dialogue about blockchain technology,Creative
Explain mental health with examples,Academic
Explain time management in 5 bullet points,Summarization
Write a creative paragraph about software testing,Creative
Write a pitch deck idea for startup ideas,Business
Summarize this text related to mental health,Summarization
Convert climate change into English,Translation
Write a Python function to data science,Coding
Translate natural language processing into Urdu,Translation
Write short notes on blockchain technology,Academic
Translate startup ideas into French,Translation
Write a poem about natural language processing,Creative
Explain how cloud computing works in programming,Coding
Write a poem about blockchain technology,Creative
Explain marketing strategy for cyber security,Business
Translate Python loops into Urdu,Translation
Write a creative paragraph about cyber security,Creative
Give me advice on digital marketing,Personal
Summarize the article about machine learning,Summarization
Explain SWOT analysis for startup ideas,Business
Create a dialogue about time management,Creative
How to grow a business related to financial planning,Business
What is the importance of cloud computing,Academic
Give me advice on financial planning,Personal
Translate mental health into German,Translation
Create an algorithm for software testing,Coding
Give me advice on artificial intelligence,Personal
Create a dialogue about financial planning,Creative
Summarize this text related to mental health,Summarization
Write short notes on financial planning,Academic
Provide a brief overview of blockchain technology,Summarization
Tips to manage database indexing,Personal
Explain interview preparation with examples,Academic
Summarize this text related to natural language processing,Summarization
Translate blockchain technology into Spanish,Translation
Explain blockchain technology in 5 bullet points,Summarization
Summarize this text related to software testing,Summarization
Explain SWOT analysis for mental health,Business
Translate mental health into Spanish,Translation
Write a pitch deck idea for web development,Business
Write a creative paragraph about financial planning,Creative
Explain SWOT analysis for digital marketing,Business
Create a business plan for climate change,Business
Explain marketing strategy for interview preparation,Business
Explain time management in simple words,Academic
Provide a brief overview of data science,Summarization
Help me deal with financial planning,Personal
Write a Python function to artificial intelligence,Coding
Provide a brief overview of natural language processing,Summarization
Create a business plan for interview preparation,Business
Write a creative paragraph about Python loops,Creative
Translate financial planning into Spanish,Translation
Generate Java code for data science,Coding
Explain marketing strategy for machine learning,Business
Write short notes on mental health,Academic
Explain machine learning in 5 bullet points,Summarization
How to grow a business related to deep learning,Business
Create a business plan for career growth,Business
Define time management for beginners,Academic
Write a creative paragraph about artificial intelligence,Creative
Create an algorithm for natural language processing,Coding
Write a Python function to interview preparation,Coding
Summarize this text related to career growth,Summarization
Give a short summary of cyber security,Summarization
Write a poem about blockchain technology,Creative
What is the importance of Python loops,Academic
Translate cyber security into Spanish,Translation
Summarize the article about digital marketing,Summarization
Explain database indexing in simple words,Academic
Translate time management into French,Translation
Give me advice on interview preparation,Personal
Help me deal with database indexing,Personal
Explain SWOT analysis for deep learning,Business
Create an algorithm for cloud computing,Coding
Guide me about career growth,Personal
Translate natural language processing into German,Translation
Summarize this text related to web development,Summarization
Define artificial intelligence for beginners,Academic
Summarize this text related to artificial intelligence,Summarization
Guide me about digital marketing,Personal
Create an algorithm for digital marketing,Coding
Write a creative paragraph about database indexing,Creative
Explain SWOT analysis for digital marketing,Business
Translate mental health into Urdu,Translation
Translate artificial intelligence into French,Translation
Explain startup ideas in simple words,Academic
Guide me about database indexing,Personal
Write a motivational quote on blockchain technology,Creative
Tips to manage Python loops,Personal
Give a short summary of time management,Summarization
Create a business plan for interview preparation,Business
Write short notes on deep learning,Academic
Write a poem about machine learning,Creative
Give me advice on cloud computing,Personal
Summarize the article about financial planning,Summarization
Create an algorithm for financial planning,Coding
Explain how software testing works in programming,Coding
Guide me about blockchain technology,Personal
Translate digital marketing into Urdu,Translation
Translate blockchain technology into Spanish,Translation
Translate Python loops into Spanish,Translation
Help me deal with time management,Personal
Write short notes on deep learning,Academic
Write a Python function to web development,Coding
Fix this bug related to digital marketing,Coding
Translate deep learning into German,Translation
Summarize the article about time management,Summarization
Explain SWOT analysis for career growth,Business
Explain artificial intelligence in simple words,Academic
Translate cyber security into Urdu,Translation
What is the importance of machine learning,Academic
Write a pitch deck idea for digital marketing,Business
Give me advice on mental health,Personal
Explain marketing strategy for digital marketing,Business
Write short notes on machine learning,Academic
Summarize the article about startup ideas,Summarization
Explain SWOT analysis for blockchain technology,Business
Explain SWOT analysis for natural language processing,Business
Translate startup ideas into Spanish,Translation
What is the importance of database indexing,Academic
Write a pitch deck idea for digital marketing,Business
Give a short summary of web development,Summarization
Explain database indexing with examples,Academic
Explain SWOT analysis for time management,Business
Summarize the article about natural language processing,Summarization
Create a business plan for software testing,Business
Translate software testing into Spanish,Translation
Explain data science with examples,Academic
Help me deal with Python loops,Personal
Translate Python loops into Spanish,Translation
Help me deal with database indexing,Personal
How to grow a business related to software testing,Business
Translate time management into German,Translation
Explain deep learning in 5 bullet points,Summarization
Help me deal with deep learning,Personal
Generate Java code for software testing,Coding
Give a short summary of interview preparation,Summarization
Give a short summary of data science,Summarization
Write a Python function to startup ideas,Coding
Write a short story on cyber security,Creative
Write a motivational quote on mental health,Creative
Generate Java code for Python loops,Coding
Translate data science into Spanish,Translation
Write a motivational quote on data science,Creative
Explain how cyber security works in programming,Coding
How to grow a business related to web development,Business
Provide a brief overview of financial planning,Summarization
Write a creative paragraph about climate change,Creative
Generate Java code for deep learning,Coding
Create a business plan for deep learning,Business
How can I improve my machine learning,Personal
Write a poem about cyber security,Creative
Translate digital marketing into German,Translation
Help me deal with software testing,Personal
Write a pitch deck idea for natural language processing,Business
Explain Python loops in simple words,Academic
Write a poem about cyber security,Creative
Explain cyber security in simple words,Academic
Give a short summary of software testing,Summarization
Explain climate change with examples,Academic
Summarize the article about web development,Summarization
Translate time management into Spanish,Translation
Give a short summary of deep learning,Summarization
Write a creative paragraph about interview preparation,Creative
Explain marketing strategy for interview preparation,Business
Explain SWOT analysis for financial planning,Business
Explain natural language processing with examples,Academic
Create an algorithm for career growth,Coding
Create a business plan for blockchain technology,Business
Summarize this text related to digital marketing,Summarization
Write a creative paragraph about database indexing,Creative
Guide me about artificial intelligence,Personal
Create an algorithm for deep learning,Coding
Convert web development into English,Translation
Explain SWOT analysis for career growth,Business
Write a short story on Python loops,Creative
Write a pitch deck idea for artificial intelligence,Business
Translate career growth into French,Translation
Guide me about deep learning,Personal
Write short notes on artificial intelligence,Academic
Fix this bug related to mental health,Coding
Explain SWOT analysis for career growth,Business
Tips to manage natural language processing,Personal
Write short notes on cyber security,Academic
Help me deal with career growth,Personal
Help me deal with data science,Personal
How to grow a business related to digital marketing,Business
What is the importance of mental health,Academic
Write a Python function to startup ideas,Coding
Translate blockchain technology into German,Translation
Explain marketing strategy for database indexing,Business
Generate Java code for deep learning,Coding
How to grow a business related to climate change,Business
How to grow a business related to mental health,Business
Write a pitch deck idea for mental health,Business
Translate time management into Spanish,Translation
Define time management for beginners,Academic
What is the importance of cyber security,Academic
Translate machine learning into German,Translation
Create a business plan for database indexing,Business
Translate climate change into Urdu,Translation
Summarize the article about climate change,Summarization
Explain how blockchain technology works in programming,Coding
Help me deal with time management,Personal
How to grow a business related to data science,Business
Help me deal with data science,Personal
Translate interview preparation into Urdu,Translation
How to grow a business related to Python loops,Business
Write a pitch deck idea for artificial intelligence,Business
Write a motivational quote on climate change,Creative
Give a short summary of database indexing,Summarization
Give me advice on data science,Personal
Summarize this text related to natural language processing,Summarization
Define blockchain technology for beginners,Academic
Summarize the article about startup ideas,Summarization
Explain SWOT analysis for machine learning,Business
Define cloud computing for beginners,Academic
Translate cyber security into French,Translation
Summarize the article about Python loops,Summarization
Explain career growth in simple words,Academic
Generate Java code for startup ideas,Coding
Explain cyber security in 5 bullet points,Summarization
Summarize this text related to blockchain technology,Summarization
Explain blockchain technology in simple words,Academic
Write a pitch deck idea for climate change,Business
Explain how cloud computing works in programming,Coding
Provide a brief overview of deep learning,Summarization
Give a short summary of artificial intelligence,Summarization
Guide me about time management,Personal
Explain digital marketing in 5 bullet points,Summarization
Create a business plan for cyber security,Business
Translate natural language processing into Spanish,Translation
Explain natural language processing in simple words,Academic
Translate natural language processing into Spanish,Translation
Provide a brief overview of software testing,Summarization
Create a dialogue about artificial intelligence,Creative
How to grow a business related to digital marketing,Business
How to grow a business related to time management,Business
Provide a brief overview of cloud computing,Summarization
Give a short summary of mental health,Summarization
How to grow a business related to time management,Business
Fix this bug related to cloud computing,Coding
Write a motivational quote on Python loops,Creative
Define cloud computing for beginners,Academic
Give me advice on career growth,Personal
Create a dialogue about Python loops,Creative
Explain marketing strategy for web development,Business
How can I improve my software testing,Personal
Create an algorithm for artificial intelligence,Coding
Write a poem about financial planning,Creative
How can I improve my mental health,Personal
Translate financial planning into Spanish,Translation
Write a Python function to Python loops,Coding
Explain how interview preparation works in programming,Coding
Help me deal with startup ideas,Personal
Explain SWOT analysis for career growth,Business
Explain SWOT analysis for digital marketing,Business
Explain database indexing in simple words,Academic
Create a dialogue about interview preparation,Creative
Create a business plan for deep learning,Business
Write short notes on blockchain technology,Academic
Define data science for beginners,Academic
Help me deal with web development,Personal
Translate climate change into German,Translation
Translate natural language processing into Spanish,Translation
Write a Python function to career growth,Coding
Explain how data science works in programming,Coding
Fix this bug related to interview preparation,Coding
Provide a brief overview of blockchain technology,Summarization
Create a dialogue about blockchain technology,Creative
Translate interview preparation into French,Translation
Convert career growth into English,Translation
Convert startup ideas into English,Translation
Write a Python function to cyber security,Coding
Write a creative paragraph about Python loops,Creative
Write a poem about web development,Creative
How to grow a business related to mental health,Business
Explain marketing strategy for data science,Business
Fix this bug related to deep learning,Coding
Provide a brief overview of cloud computing,Summarization
Summarize the article about digital marketing,Summarization
Create a dialogue about data science,Creative
Write a motivational quote on machine learning,Creative
Convert interview preparation into English,Translation
Help me deal with natural language processing,Personal
Generate Java code for deep learning,Coding
Summarize this text related to startup ideas,Summarization
Translate mental health into German,Translation
Guide me about interview preparation,Personal
Write a motivational quote on mental health,Creative
Write a Python function to mental health,Coding
Summarize the article about cloud computing,Summarization
How to grow a business related to startup ideas,Business
Translate career growth into Urdu,Translation
How can I improve my natural language processing,Personal
Write a poem about software testing,Creative
Write a motivational quote on mental health,Creative
Convert cyber security into English,Translation
Provide a brief overview of climate change,Summarization
Explain marketing strategy for software testing,Business
Explain how machine learning works in programming,Coding
Convert artificial intelligence into English,Translation
Explain marketing strategy for machine learning,Business
Help me deal with financial planning,Personal
Write a creative paragraph about financial planning,Creative
Convert financial planning into English,Translation
Translate cloud computing into French,Translation
Generate Java code for blockchain technology,Coding
Fix this bug related to interview preparation,Coding
Guide me about interview preparation,Personal
What is the importance of blockchain technology,Academic
Define interview preparation for beginners,Academic
Fix this bug related to database indexing,Coding
Help me deal with digital marketing,Personal
Give me advice on cyber security,Personal
Summarize this text related to blockchain technology,Summarization
Explain interview preparation in 5 bullet points,Summarization
Write a Python function to artificial intelligence,Coding
What is the importance of Python loops,Academic
Translate cyber security into Spanish,Translation
Translate financial planning into Urdu,Translation
Explain marketing strategy for natural language processing,Business
Write a poem about deep learning,Creative
How to grow a business related to interview preparation,Business
Explain database indexing in 5 bullet points,Summarization
Give a short summary of data science,Summarization
Provide a brief overview of data science,Summarization
Write a short story on cloud computing,Creative
What is the importance of natural language processing,Academic
What is the importance of Python loops,Academic
Summarize the article about time management,Summarization
What is the importance of interview preparation,Academic
Summarize the article about web development,Summarization
Fix this bug related to mental health,Coding
Create a business plan for interview preparation,Business
Explain deep learning with examples,Academic
Create a business plan for deep learning,Business
Explain mental health in 5 bullet points,Summarization
Write a motivational quote on time management,Creative
Create a business plan for artificial intelligence,Business
Tips to manage web development,Personal
Translate digital marketing into Spanish,Translation
Explain how deep learning works in programming,Coding
Summarize this text related to financial planning,Summarization
Explain data science with examples,Academic
Provide a brief overview of artificial intelligence,Summarization
Translate artificial intelligence into German,Translation
Write a creative paragraph about career growth,Creative
Explain startup ideas with examples,Academic
What is the importance of digital marketing,Academic
How can I improve my interview preparation,Personal
Write a short story on cloud computing,Creative
Provide a brief overview of cloud computing,Summarization
Provide a brief overview of artificial intelligence,Summarization
Create a dialogue about startup ideas,Creative
Translate interview preparation into Spanish,Translation
Write a Python function to artificial intelligence,Coding
Give a short summary of cyber security,Summarization
How to grow a business related to climate change,Business
Write a poem about time management,Creative
Convert deep learning into English,Translation
Give me advice on machine learning,Personal
Translate cyber security into Spanish,Translation
Explain blockchain technology in simple words,Academic
Translate artificial intelligence into German,Translation
Give me advice on blockchain technology,Personal
Write a motivational quote on financial planning,Creative
Explain natural language processing in simple words,Academic
Explain SWOT analysis for climate change,Business
Provide a brief overview of digital marketing,Summarization
Explain natural language processing with examples,Academic
Write short notes on machine learning,Academic
Provide a brief overview of financial planning,Summarization
Provide a brief overview of digital marketing,Summarization
Translate natural language processing into French,Translation
Tips to manage digital marketing,Personal
Write a creative paragraph about Python loops,Creative
Fix this bug related to climate change,Coding
Write a pitch deck idea for climate change,Business
Explain how interview preparation works in programming,Coding
Provide a brief overview of blockchain technology,Summarization
Explain climate change in 5 bullet points,Summarization
What is the importance of time management,Academic
Summarize this text related to database indexing,Summarization
Explain marketing strategy for financial planning,Business
Provide a brief overview of cyber security,Summarization
Create an algorithm for time management,Coding
Guide me about mental health,Personal
Translate data science into French,Translation
Create a business plan for web development,Business
Explain natural language processing in 5 bullet points,Summarization
Explain machine learning in 5 bullet points,Summarization
Explain SWOT analysis for digital marketing,Business
Translate web development into German,Translation
Help me deal with climate change,Personal
What is the importance of data science,Academic
Write a creative paragraph about artificial intelligence,Creative
Give me advice on startup ideas,Personal
Give me advice on Python loops,Personal
Explain SWOT analysis for financial planning,Business
Create a dialogue about database indexing,Creative
Write a Python function to startup ideas,Coding
Translate artificial intelligence into Spanish,Translation
Fix this bug related to time management,Coding
How can I improve my digital marketing,Personal
Translate natural language processing into French,Translation
Write a creative paragraph about deep learning,Creative
How can I improve my software testing,Personal
Provide a brief overview of database indexing,Summarization
Help me deal with cloud computing,Personal
Translate deep learning into French,Translation
How can I improve my cloud computing,Personal
How to grow a business related to time management,Business
Explain SWOT analysis for Python loops,Business
Write a Python function to natural language processing,Coding
Write a poem about interview preparation,Creative
Translate deep learning into Urdu,Translation
Explain database indexing with examples,Academic
Write a poem about time management,Creative
Create a dialogue about time management,Creative
Write a short story on cyber security,Creative
How can I improve my climate change,Personal
Explain how Python loops works in programming,Coding
Tips to manage software testing,Personal
How to grow a business related to software testing,Business
Provide a brief overview of Python loops,Summarization
Generate Java code for web development,Coding
How to grow a business related to web development,Business
How can I improve my climate change,Personal
Explain financial planning in simple words,Academic
Write a motivational quote on Python loops,Creative
Explain SWOT analysis for startup ideas,Business
Write short notes on climate change,Academic
Convert blockchain technology into English,Translation
Explain marketing strategy for artificial intelligence,Business
Fix this bug related to mental health,Coding
Write short notes on web development,Academic
Translate blockchain technology into Urdu,Translation
Translate cyber security into German,Translation
Tips to manage data science,Personal
Write a pitch deck idea for startup ideas,Business
Generate Java code for web development,Coding
Write short notes on data science,Academic
What is the importance of software testing,Academic
What is the importance of startup ideas,Academic
Explain database indexing in simple words,Academic
Translate web development into Spanish,Translation
Write a poem about web development,Creative
Translate cyber security into French,Translation
Write a creative paragraph about startup ideas,Creative
Write a pitch deck idea for database indexing,Business
Provide a brief overview of climate change,Summarization
Translate data science into Urdu,Translation
Create an algorithm for database indexing,Coding
Write a pitch deck idea for career growth,Business
Write a short story on cloud computing,Creative
Explain interview preparation in 5 bullet points,Summarization
Create a business plan for climate change,Business
Explain artificial intelligence in simple words,Academic
Write a motivational quote on database indexing,Creative
Explain Python loops with examples,Academic
Create a business plan for artificial intelligence,Business
Write a motivational quote on database indexing,Creative
Explain SWOT analysis for web development,Business
Explain cyber security in 5 bullet points,Summarization
Define startup ideas for beginners,Academic
Create a business plan for mental health,Business
Give me advice on financial planning,Personal
Tips to manage time management,Personal
How to grow a business related to Python loops,Business
Write a creative paragraph about digital marketing,Creative
Convert natural language processing into English,Translation
Guide me about digital marketing,Personal
Write a motivational quote on data science,Creative
Translate climate change into Urdu,Translation
Write a Python function to software testing,Coding
Explain marketing strategy for deep learning,Business
Help me deal with software testing,Personal
Guide me about web development,Personal
Write a Python function to Python loops,Coding
Translate cloud computing into Urdu,Translation
Create a business plan for time management,Business
How can I improve my natural language processing,Personal
Write a pitch deck idea for database indexing,Business
Explain cyber security in simple words,Academic
Give a short summary of artificial intelligence,Summarization
What is the importance of software testing,Academic
Convert machine learning into English,Translation
Give a short summary of software testing,Summarization
Give me advice on cyber security,Personal
Translate financial planning into Spanish,Translation
Explain marketing strategy for software testing,Business
Give a short summary of financial planning,Summarization
Create a business plan for startup ideas,Business
Write a poem about natural language processing,Creative
Translate Python loops into Spanish,Translation
Summarize the article about Python loops,Summarization
Define climate change for beginners,Academic
Explain marketing strategy for career growth,Business
Write short notes on startup ideas,Academic
Translate data science into Urdu,Translation
Define career growth for beginners,Academic
Give me advice on interview preparation,Personal
Give me advice on web development,Personal
Fix this bug related to financial planning,Coding
Write a Python function to software testing,Coding
Fix this bug related to artificial intelligence,Coding
Create a dialogue about machine learning,Creative
How can I improve my time management,Personal
Give a short summary of Python loops,Summarization
Help me deal with interview preparation,Personal
What is the importance of software testing,Academic
Create an algorithm for blockchain technology,Coding
Fix this bug related to mental health,Coding
Create a business plan for interview preparation,Business
Translate artificial intelligence into French,Translation
Write a short story on Python loops,Creative
Write a creative paragraph about data science,Creative
Write a pitch deck idea for data science,Business
Summarize this text related to digital marketing,Summarization
Write a Python function to blockchain technology,Coding
How to grow a business related to software testing,Business
Translate climate change into French,Translation
Write a pitch deck idea for financial planning,Business
Create a dialogue about data science,Creative
Guide me about time management,Personal
Explain climate change in 5 bullet points,Summarization
Summarize the article about startup ideas,Summarization
Give me advice on deep learning,Personal
Tips to manage Python loops,Personal
Explain how natural language processing works in programming,Coding
Explain interview preparation in simple words,Academic
Generate Java code for database indexing,Coding
Help me deal with web development,Personal
Translate machine learning into Spanish,Translation
Create a business plan for Python loops,Business
Give me advice on data science,Personal
Write a creative paragraph about natural language processing,Creative
Write short notes on mental health,Academic
Define career growth for beginners,Academic
Explain cloud computing in simple words,Academic
Write a poem about database indexing,Creative
Explain database indexing in simple words,Academic
Create an algorithm for database indexing,Coding
Create an algorithm for startup ideas,Coding
Translate natural language processing into Spanish,Translation
Explain blockchain technology with examples,Academic
How to grow a business related to digital marketing,Business
Create a business plan for web development,Business
Translate interview preparation into French,Translation
How can I improve my natural language processing,Personal
Give me advice on web development,Personal
Help me deal with climate change,Personal
Fix this bug related to deep learning,Coding
Tips to manage natural language processing,Personal
Translate climate change into Spanish,Translation
Create a business plan for career growth,Business
Create a business plan for career growth,Business
Give a short summary of data science,Summarization
Write a creative paragraph about web development,Creative
Fix this bug related to data science,Coding
Summarize this text related to startup ideas,Summarization
Write a motivational quote on database indexing,Creative
Give me advice on interview preparation,Personal
Create an algorithm for blockchain technology,Coding
Write a Python function to web development,Coding
Write a creative paragraph about digital marketing,Creative
Write a poem about database indexing,Creative
Write a poem about database indexing,Creative
Write a Python function to natural language processing,Coding
Explain how interview preparation works in programming,Coding
Write a poem about career growth,Creative
Give a short summary of blockchain technology,Summarization
Write a motivational quote on blockchain technology,Creative
Write a pitch deck idea for natural language processing,Business
Define database indexing for beginners,Academic
Write a poem about machine learning,Creative
Tips to manage Python loops,Personal
Write a pitch deck idea for database indexing,Business
Provide a brief overview of natural language processing,Summarization
Guide me about cyber security,Personal
Write short notes on interview preparation,Academic
Translate Python loops into French,Translation
Explain SWOT analysis for time management,Business
Create an algorithm for blockchain technology,Coding
Explain marketing strategy for financial planning,Business
Guide me about climate change,Personal
Translate financial planning into Spanish,Translation
Define financial planning for beginners,Academic
Translate Python loops into German,Translation
Summarize the article about cyber security,Summarization
Translate digital marketing into Spanish,Translation
Explain cloud computing in 5 bullet points,Summarization
Write a Python function to time management,Coding
Translate data science into French,Translation
Write a Python function to blockchain technology,Coding
Help me deal with mental health,Personal
Explain how deep learning works in programming,Coding
Summarize this text related to interview preparation,Summarization
Translate cyber security into Spanish,Translation
Help me deal with database indexing,Personal
Write short notes on natural language processing,Academic
Write a short story on cloud computing,Creative
Explain how data science works in programming,Coding
Define database indexing for beginners,Academic
Provide a brief overview of time management,Summarization
Guide me about startup ideas,Personal
Explain SWOT analysis for climate change,Business
Define cyber security for beginners,Academic
Write a short story on data science,Creative
Provide a brief overview of blockchain technology,Summarization
Create a business plan for financial planning,Business
Explain SWOT analysis for blockchain technology,Business
Give a short summary of cyber security,Summarization
Guide me about deep learning,Personal
Provide a brief overview of mental health,Summarization
Translate data science into German,Translation
Guide me about software testing,Personal
Create a dialogue about financial planning,Creative
Explain SWOT analysis for mental health,Business
Give a short summary of software testing,Summarization
Generate Java code for mental health,Coding
Write a pitch deck idea for cloud computing,Business
Give me advice on financial planning,Personal
Fix this bug related to web development,Coding
Explain how digital marketing works in programming,Coding
Guide me about software testing,Personal
Write a short story on mental health,Creative
What is the importance of digital marketing,Academic
Translate interview preparation into Urdu,Translation
Explain blockchain technology in 5 bullet points,Summarization
Translate web development into French,Translation
Explain marketing strategy for cyber security,Business
How can I improve my mental health,Personal
Translate career growth into Urdu,Translation
Give me advice on mental health,Personal
Explain how mental health works in programming,Coding
Convert startup ideas into English,Translation
Create a dialogue about mental health,Creative
Translate financial planning into German,Translation
Fix this bug related to Python loops,Coding
Explain SWOT analysis for career growth,Business
Generate Java code for cyber security,Coding
Write short notes on deep learning,Academic
Explain artificial intelligence with examples,Academic
Write a creative paragraph about artificial intelligence,Creative
Explain SWOT analysis for career growth,Business
Translate mental health into French,Translation
What is the importance of data science,Academic
Explain SWOT analysis for data science,Business
Translate deep learning into Spanish,Translation
Translate cyber security into Spanish,Translation
Explain SWOT analysis for Python loops,Business
Write a pitch deck idea for software testing,Business
How can I improve my machine learning,Personal
Give a short summary of blockchain technology,Summarization
Write a Python function to deep learning,Coding
Explain SWOT analysis for blockchain technology,Business
Explain mental health in simple words,Academic
Summarize this text related to cloud computing,Summarization
Explain Python loops with examples,Academic
Explain digital marketing in simple words,Academic
Summarize this text related to blockchain technology,Summarization
Explain software testing with examples,Academic
Translate natural language processing into German,Translation
Write a motivational quote on interview preparation,Creative
Create a dialogue about natural language processing,Creative
Explain SWOT analysis for natural language processing,Business
Write a creative paragraph about web development,Creative
Explain SWOT analysis for startup ideas,Business
Write short notes on natural language processing,Academic
Give me advice on cyber security,Personal
Explain SWOT analysis for time management,Business
Translate machine learning into French,Translation
Give me advice on startup ideas,Personal
How to grow a business related to financial planning,Business
How can I improve my startup ideas,Personal
Write short notes on data science,Academic
Provide a brief overview of software testing,Summarization
How to grow a business related to deep learning,Business
Write a motivational quote on financial planning,Creative
Define artificial intelligence for beginners,Academic
Write a creative paragraph about web development,Creative
Create a business plan for artificial intelligence,Business
Create a business plan for cloud computing,Business
Fix this bug related to software testing,Coding
Explain time management with examples,Academic
Write a creative paragraph about career growth,Creative
Convert software testing into English,Translation
Explain web development in simple words,Academic
Translate artificial intelligence into French,Translation
Translate climate change into German,Translation
Convert Python loops into English,Translation
Explain marketing strategy for software testing,Business
Help me deal with machine learning,Personal
Write a pitch deck idea for data science,Business
Create a business plan for Python loops,Business
Write a motivational quote on machine learning,Creative
Translate blockchain technology into Spanish,Translation
Explain marketing strategy for natural language processing,Business
Give me advice on cyber security,Personal
Give a short summary of database indexing,Summarization
Write a motivational quote on artificial intelligence,Creative
Create an algorithm for startup ideas,Coding
Summarize this text related to data science,Summarization
Translate mental health into Spanish,Translation
Write short notes on cyber security,Academic
Write short notes on startup ideas,Academic
Explain database indexing in 5 bullet points,Summarization
How to grow a business related to mental health,Business
Provide a brief overview of data science,Summarization
Explain marketing strategy for deep learning,Business
Write a poem about cloud computing,Creative
Convert time management into English,Translation
Write a Python function to financial planning,Coding
Give a short summary of interview preparation,Summarization
Write a motivational quote on deep learning,Creative
Give me advice on interview preparation,Personal
Explain machine learning with examples,Academic
Tips to manage machine learning,Personal
Translate web development into French,Translation
Explain financial planning in 5 bullet points,Summarization
Summarize the article about startup ideas,Summarization
Generate Java code for database indexing,Coding
Explain digital marketing in simple words,Academic
Define deep learning for beginners,Academic
Summarize the article about web development,Summarization
Explain blockchain technology in 5 bullet points,Summarization
Explain marketing strategy for financial planning,Business
Write a creative paragraph about career growth,Creative
Explain mental health in 5 bullet points,Summarization
Create an algorithm for career growth,Coding
Write a pitch deck idea for data science,Business
Provide a brief overview of web development,Summarization
How can I improve my Python loops,Personal
Translate digital marketing into French,Translation
Translate deep learning into Spanish,Translation
Create a business plan for web development,Business
Explain blockchain technology with examples,Academic
How can I improve my web development,Personal
Explain startup ideas in 5 bullet points,Summarization
Translate mental health into German,Translation
Help me deal with startup ideas,Personal
Create a business plan for career growth,Business
Summarize the article about web development,Summarization
Explain career growth in 5 bullet points,Summarization
Generate Java code for data science,Coding
Explain SWOT analysis for mental health,Business
Write short notes on career growth,Academic
Create a dialogue about time management,Creative
Write a motivational quote on cyber security,Creative
Translate Python loops into German,Translation
Explain how data science works in programming,Coding
Explain artificial intelligence in 5 bullet points,Summarization
Write a pitch deck idea for digital marketing,Business
Fix this bug related to natural language processing,Coding
Give a short summary of machine learning,Summarization
Explain marketing strategy for cloud computing,Business
Create a dialogue about data science,Creative
Give me advice on natural language processing,Personal
Write a motivational quote on time management,Creative
Create a dialogue about financial planning,Creative
Create an algorithm for artificial intelligence,Coding
Write a Python function to mental health,Coding
Convert career growth into English,Translation
Provide a brief overview of software testing,Summarization
Summarize this text related to data science,Summarization
Give a short summary of Python loops,Summarization
Explain how cloud computing works in programming,Coding
Write a poem about financial planning,Creative
Translate natural language processing into German,Translation
Explain database indexing in simple words,Academic
How can I improve my data science,Personal
Give me advice on web development,Personal
Give me advice on database indexing,Personal
Explain cloud computing with examples,Academic
What is the importance of artificial intelligence,Academic
What is the importance of deep learning,Academic
Write a Python function to startup ideas,Coding
Explain marketing strategy for deep learning,Business
Create an algorithm for digital marketing,Coding
Write a short story on mental health,Creative
Translate mental health into Spanish,Translation
Write a short story on mental health,Creative
What is the importance of database indexing,Academic
Give a short summary of deep learning,Summarization
Write a creative paragraph about interview preparation,Creative
Provide a brief overview of deep learning,Summarization
Convert software testing into English,Translation
Create a dialogue about financial planning,Creative
Help me deal with data science,Personal
Explain database indexing with examples,Academic
Create a business plan for startup ideas,Business
Give me advice on blockchain technology,Personal
Provide a brief overview of digital marketing,Summarization
Write a creative paragraph about career growth,Creative
How to grow a business related to time management,Business
Translate startup ideas into Urdu,Translation
Help me deal with climate change,Personal
Write a short story on startup ideas,Creative
Write a Python function to database indexing,Coding
Translate artificial intelligence into Urdu,Translation
Create a dialogue about financial planning,Creative
Summarize the article about artificial intelligence,Summarization
Convert startup ideas into English,Translation
What is the importance of deep learning,Academic
How to grow a business related to artificial intelligence,Business
Write a poem about software testing,Creative
Generate Java code for database indexing,Coding
Tips to manage web development,Personal
Convert time management into English,Translation
Fix this bug related to natural language processing,Coding
Write short notes on artificial intelligence,Academic
Translate time management into French,Translation
Write a pitch deck idea for blockchain technology,Business
Tips to manage natural language processing,Personal
Create a dialogue about machine learning,Creative
Explain SWOT analysis for career growth,Business
How to grow a business related to mental health,Business
Explain SWOT analysis for mental health,Business
Write a short story on startup ideas,Creative
How can I improve my deep learning,Personal
Explain natural language processing with examples,Academic
Explain startup ideas in simple words,Academic
Write short notes on web development,Academic
Fix this bug related to cloud computing,Coding
Translate blockchain technology into French,Translation
Give me advice on interview preparation,Personal
How to grow a business related to startup ideas,Business
Summarize the article about machine learning,Summarization
Translate time management into Spanish,Translation
Write short notes on Python loops,Academic
Translate natural language processing into Spanish,Translation
Convert data science into English,Translation
Write a short story on digital marketing,Creative
Explain SWOT analysis for software testing,Business
Write a pitch deck idea for blockchain technology,Business
Explain SWOT analysis for Python loops,Business
Convert machine learning into English,Translation
Write a short story on climate change,Creative
Tips to manage time management,Personal
Tips to manage career growth,Personal
Provide a brief overview of cyber security,Summarization
Create an algorithm for time management,Coding
Guide me about financial planning,Personal
Translate financial planning into Spanish,Translation
Create a business plan for software testing,Business
Explain marketing strategy for web development,Business
Write a motivational quote on time management,Creative
Explain cyber security in 5 bullet points,Summarization
Fix this bug related to machine learning,Coding
Summarize the article about time management,Summarization
Write a pitch deck idea for digital marketing,Business
Provide a brief overview of blockchain technology,Summarization
Write a short story on web development,Creative
Help me deal with deep learning,Personal
Create an algorithm for startup ideas,Coding
Convert natural language processing into English,Translation
How to grow a business related to web development,Business
Write a creative paragraph about data science,Creative
Summarize the article about web development,Summarization
Write a poem about data science,Creative
Create an algorithm for software testing,Coding
Generate Java code for deep learning,Coding
Convert time management into English,Translation
Explain cyber security in 5 bullet points,Summarization
Help me deal with climate change,Personal
Provide a brief overview of time management,Summarization
Generate Java code for cyber security,Coding
Give a short summary of interview preparation,Summarization
Write a poem about artificial intelligence,Creative
Give me advice on mental health,Personal
Write a creative paragraph about startup ideas,Creative
Translate startup ideas into Spanish,Translation
Write a Python function to climate change,Coding
Translate web development into French,Translation
Explain financial planning in simple words,Academic
Explain database indexing in 5 bullet points,Summarization
Write a short story on software testing,Creative
Explain mental health in simple words,Academic
Summarize the article about digital marketing,Summarization
Write a Python function to cloud computing,Coding
Explain interview preparation in 5 bullet points,Summarization
Create a business plan for climate change,Business
Translate mental health into French,Translation
Write short notes on data science,Academic
Tips to manage time management,Personal
Fix this bug related to software testing,Coding
What is the importance of blockchain technology,Academic
Give a short summary of time management,Summarization
Give a short summary of startup ideas,Summarization
What is the importance of Python loops,Academic
Translate mental health into French,Translation
Write a short story on Python loops,Creative
Explain SWOT analysis for blockchain technology,Business
Give a short summary of interview preparation,Summarization
Give me advice on startup ideas,Personal
Guide me about startup ideas,Personal
Guide me about deep learning,Personal
What is the importance of financial planning,Academic
What is the importance of interview preparation,Academic
Guide me about software testing,Personal
Translate mental health into German,Translation
Translate interview preparation into French,Translation
Write a poem about cloud computing,Creative
How can I improve my climate change,Personal
Translate cyber security into French,Translation
Explain SWOT analysis for time management,Business
Write short notes on machine learning,Academic
Translate natural language processing into Spanish,Translation
Give me advice on deep learning,Personal
Create an algorithm for cyber security,Coding
Guide me about Python loops,Personal
Summarize the article about time management,Summarization
How can I improve my Python loops,Personal
Tips to manage web development,Personal
Explain Python loops in simple words,Academic
Write a pitch deck idea for natural language processing,Business
Write a pitch deck idea for cyber security,Business
Summarize this text related to blockchain technology,Summarization
Summarize the article about time management,Summarization
Write a Python function to climate change,Coding
Summarize this text related to mental health,Summarization
Help me deal with climate change,Personal
Translate artificial intelligence into Urdu,Translation
What is the importance of database indexing,Academic
Explain database indexing in simple words,Academic
Translate career growth into French,Translation
Write a short story on climate change,Creative
Write a short story on mental health,Creative
Create a dialogue about web development,Creative
Guide me about cloud computing,Personal
Explain how climate change works in programming,Coding
Guide me about blockchain technology,Personal
Create an algorithm for web development,Coding
Define Python loops for beginners,Academic
Translate interview preparation into French,Translation
Convert artificial intelligence into English,Translation
How to grow a business related to time management,Business
Write a short story on financial planning,Creative
Translate mental health into Urdu,Translation
Translate career growth into French,Translation
Write a Python function to database indexing,Coding
Create an algorithm for artificial intelligence,Coding
Explain startup ideas with examples,Academic
Explain digital marketing in 5 bullet points,Summarization
Summarize the article about database indexing,Summarization
Translate data science into German,Translation
Write a poem about interview preparation,Creative
Explain blockchain technology in 5 bullet points,Summarization
Define career growth for beginners,Academic
Summarize this text related to web development,Summarization
Write a poem about mental health,Creative
Tips to manage interview preparation,Personal
Guide me about database indexing,Personal
Write a creative paragraph about interview preparation,Creative
Explain interview preparation in simple words,Academic
Write a Python function to interview preparation,Coding
Generate Java code for artificial intelligence,Coding
Explain data science in simple words,Academic
Summarize this text related to cloud computing,Summarization
Guide me about database indexing,Personal
Write a Python function to data science,Coding
Explain blockchain technology with examples,Academic
Guide me about career growth,Personal
Explain marketing strategy for blockchain technology,Business
Guide me about web development,Personal
Define time management for beginners,Academic
Explain SWOT analysis for interview preparation,Business
Give a short summary of software testing,Summarization
Summarize this text related to software testing,Summarization
Translate interview preparation into Urdu,Translation
Generate Java code for artificial intelligence,Coding
Provide a brief overview of climate change,Summarization
Explain SWOT analysis for software testing,Business
Create a business plan for artificial intelligence,Business
Give a short summary of cloud computing,Summarization
Give a short summary of software testing,Summarization
Translate career growth into Urdu,Translation
Explain time management in 5 bullet points,Summarization
What is the importance of software testing,Academic
Write a poem about interview preparation,Creative
How can I improve my blockchain technology,Personal
Summarize the article about database indexing,Summarization
Explain how cyber security works in programming,Coding
Convert web development into English,Translation
Write a Python function to deep learning,Coding
Fix this bug related to natural language processing,Coding
Generate Java code for cyber security,Coding
Guide me about digital marketing,Personal
Write a pitch deck idea for natural language processing,Business
Write a pitch deck idea for career growth,Business
Explain artificial intelligence with examples,Academic
Explain cyber security with examples,Academic
Write a poem about mental health,Creative
